{"cameraMode":{"drawMode":0,"name":"Shaded","section":"Shading Mode"},"sceneLighting":true,"audioPlay":false,"sceneViewState":{"showFog":true,"showMaterialUpdate":false,"showSkybox":true,"showFlares":true,"showImageEffects":true,"showParticleSystems":true},"in2DMode":false,"pivot":{"x":42.895999908447269,"y":40.813621520996097,"z":55.31332778930664},"rotation":{"x":-0.11484383046627045,"y":0.8841716051101685,"z":-0.29723992943763735,"w":-0.34161490201950076},"size":9.550000190734864,"orthographic":false}